code,name,depr_rate,KV_coeff,KV_intercept,labor_prod_gr,empl0,rate_const,exponent
agric,Agriculture and Forestry,0.04,0.573,-0.0007,0.0222,11568.4,1,1.5
mining,Mining,0.04,0.855,0.0083,0.0425,223,1.5,2
coal,Coal Mining,0.04,0.855,0.0083,0.0425,669,1.5,2
petr,Petroleum and Natural Gas,0.04,0.855,0.0083,0.0425,312.2,1.5,2
ironstl,Iron and Steel,0.04,0.676,0.013,0.04,435,1.5,2
pulppr,Pulp and Paper,0.04,0.45,0.013,0.031,1023.6,1,1.5
foodpr,Food Processing,0.04,0.652,0.013,0.0391,1243,1,1.5
hvymach,Heavy machinery,0.04,0.484,0.013,0.0324,0.9,1.5,2
othind,Other Industry,0.04,0.279,0.013,0.0242,1598.8,1,1.5
util,"Electricity, Water, and Sewage",0.04,0.8,0.0251,0.0571,235.3,1.5,2
constr,Construction,0.04,0.217,-0.001,0.0077,588.7,1,1.5
transp,Transportation Services,0.04,0.669,0.0155,0.0423,623.5,1.5,2
comm,Wholesale and Retail Trade,0.04,0.888,0.0327,0.0682,1916.4,1,1.5
othsrv,Other Services,0.04,0.274,0.0215,0.0325,1562.1,1,1.5
